start,title,company,location,posted_time,employment_type,work_setup,career_level,experience_years,tags,link
10,Medical Approval Doctor,AXON,"Maadi,Cairo,Egypt",24 hours ago,Full Time,On-site,Entry Level,0 - 1 Yrs of Exp,"Medical/Healthcare, Medical, Excellent clinical judgment and decision-making skills., Proficiency in using medical and insurance software systems., Ability to work under pressure and meet deadlines.",https://wuzzuf.net/jobs/p/pyo9vyxhmmyx-medical-approval-doctor-axon-cairo-egypt
15,Medical Sales Representative,NutriMed,"New Cairo,Cairo,Egypt",1 day ago,Full Time,Hybrid,Experienced,1 - 2 Yrs of Exp,"Medical/Healthcare, Medical Sales, Sales Target, Customer Service, Pharmacy",https://wuzzuf.net/jobs/p/bnyovrbktemh-medical-sales-representative-nutrimed-cairo-egypt
15,Medical Representative,Elegant Care Medical Group,"Heliopolis,Cairo,Egypt",1 day ago,Full Time,Hybrid,Entry Level,1+ Yrs of Exp,"Medical/Healthcare, Sales/Retail, Pharmaceutical, Medical, Sales, Communication, Customer Care, Pharmacy, Medical Sales, Medical Devices Sales",https://wuzzuf.net/jobs/p/jtpamlp1wpif-medical-representative-elegant-care-medical-group-cairo-egypt
17,Inpatient Pharmacist,Mersal,"Maadi,Cairo,Egypt",2 days ago,Part Time,On-site,Entry Level,1 - 2 Yrs of Exp,"Medical/Healthcare, Pharmacy, Pharmaceutical, Hospital Pharmacy, Therapeutics, Pharmacy Information Systems, Drug Interactions, Electronic Medical Records",https://wuzzuf.net/jobs/p/vipjvp7cbnj7-inpatient-pharmacist-mersal-cairo-egypt
22,Pharmacist,Healthynia pharmacy,"Cairo,Egypt",2 days ago,Full Time,On-site,Experienced,3+ Yrs of Exp,"Medical/Healthcare, Pharmaceutical, Medical Knowledge & Practice, Pharmaceutical Science & Expertise, Pharmacy Operations Management, Sales Acumen & Strategy, Patient Counseling, Medication Dispensing, Drug Interaction Management, Inventory Management",https://wuzzuf.net/jobs/p/mfj2mtgofsne-pharmacist-healthynia-pharmacy-cairo-egypt
25,Medical Tourism Head,Alexandria New Medical Center,"Alexandria,Egypt",2 days ago,Full Time,On-site,Manager,5 - 10 Yrs of Exp,"Medical/Healthcare, Management, Medical",https://wuzzuf.net/jobs/p/xqcai8tuyqlk-medical-tourism-head-alexandria-new-medical-center-alexandria-egypt
39,Growth Marketing Specialist (Healthcare & Tech),Medilink360 LLCFZ,"Maadi,Cairo,Egypt",6 days ago,Full Time,Freelance / Project,Hybrid,3 - 7 Yrs of Exp,"Experienced, Creative/Design/Art, IT/Software Development, Marketing/PR/Advertising, Social Media, Marketing, Graphic Design, healthtech, Growth Hacking",https://wuzzuf.net/jobs/p/jc60ehj83isj-growth-marketing-specialist-healthcare-tech-medilink360-llc-fz-cairo-egypt
42,Pediatrician (Medical Doctor) - Back Up Position,Medecins Sans Frontieres,"Faisal,Giza,Egypt",6 days ago,Shift Based,On-site,Experienced,2+ Yrs of Exp,"Medical/Healthcare, Health Care, Leadership, NGO, INGO, humanitarian, medical doctor, MSF, Medical Services, Pediatrics",https://wuzzuf.net/jobs/p/ych8pm4ssenh-pediatrician-medical-doctor-back-up-position-medecins-sans-frontieres-giza-egypt
45,Regulatory Affairs Specialist,Macro Group,"Sheraton,Cairo,Egypt",6 days ago,Full Time,On-site,Experienced,2 - 4 Yrs of Exp,"Medical/Healthcare, Pharmaceutical, Regulatory Affairs, Pharmacy, Science, Pharmaceutical, Vet, Cosmetics, Regulatory, nutraceutical",https://wuzzuf.net/jobs/p/mryyuvvdoglx-regulatory-affairs-specialist-macro-group-cairo-egypt
49,Pharma Inventory Management Specialist,Ibn Sina Pharma,"New Cairo,Cairo,Egypt",7 days ago,Full Time,On-site,Entry Level,0 - 2 Yrs of Exp,"Logistics/Supply Chain, Operations/Management, Inventory Management, Logistics, Management, Pharma Industry Knowledge, Purchasing, Supply Chain Optimization, Attention to Detail, Problem-Solving",https://wuzzuf.net/jobs/p/cm7phur6nxta-pharma-inventory-management-specialist-ibn-sina-pharma-cairo-egypt
49,Medical Sales Representative,Misr Sinai,"Downtown,Cairo,Egypt",7 days ago,Full Time,Hybrid,Entry Level,1 - 3 Yrs of Exp,"Medical/Healthcare, Sales/Retail, Customer Service, Medical Sales, Sales Target, Sales, Medical, Pharmaceutical, Medical Supplies",https://wuzzuf.net/jobs/p/hnu4asjbg1pm-medical-sales-representative-misr-sinai-cairo-egypt
52,Import & Regulatory Operations Coordinator for Medical Supplies,Egyptian Company for Supplies,"Manial,Cairo,Egypt",7 days ago,Full Time,On-site,Experienced,2 - 5 Yrs of Exp,"Operations/Management, Import / Export, Financial Regulatory Authority",https://wuzzuf.net/jobs/p/iqfpfs9h0f1e-import-regulatory-operations-coordinator-for-medical-supplies-egyptian-company-for-supplies-cairo-egypt
57,Logistics & regulatory affairs,Confidential,"Obour City,Cairo,Egypt",,Full Time,On-site,Experienced,3 - 7 Yrs of Exp,"Logistics/Supply Chain, Logistics, Regulatory Affairs, Purchasing",https://wuzzuf.net/jobs/p/7pwj14wr7juz-logistics-regulatory-affairs-cairo-egypt
58,Medical Representative,Insight Medical,"Sheraton,Cairo,Egypt",,Full Time,On-site,Entry Level,1 - 3 Yrs of Exp,"Logistics/Supply Chain, Medical/Healthcare, Pharmaceutical, Medical, Pharmacy, Sales, Medical Sales, Medical Devices Sales, Medical Services, Sales Field",https://wuzzuf.net/jobs/p/vylkym86rzv9-medical-representative-insight-medical-cairo-egypt
58,"Medical Representative Cairo, Giza, Assuit ,and Sohaj",Epione Medical supplies,"Qasr ِAlnil,Cairo,Egypt",,Full Time,Hybrid,Entry Level,1 - 2 Yrs of Exp,"Medical/Healthcare, Communication, Technical Presentations, Entertainment, Sales Target, achiever",https://wuzzuf.net/jobs/p/ya9fe5mtryij-medical-representative-cairo-giza-assuit-and-sohaj-epione-medical-supplies-cairo-egypt
60,Medical Product Manager,Insight Medical,"Sheraton,Cairo,Egypt",,Full Time,On-site,Manager,3 - 5 Yrs of Exp,"Manufacturing/Production, Medical/Healthcare, Pharmaceutical, Management, Production, Pharmaceutical, Manufacturing, Engineering, Production Engineering",https://wuzzuf.net/jobs/p/qmahf8kcps7s-medical-product-manager-insight-medical-cairo-egypt
68,AP Accountant ( Medical Insurance ),AXON,"Maadi,Cairo,Egypt",,Full Time,On-site,Senior Management,2 - 4 Yrs of Exp,"Medical/Healthcare, Accounting, AP",https://wuzzuf.net/jobs/p/bq3g6orbxvdr-ap-accountant-medical-insurance-axon-cairo-egypt
78,Medical Sales Representative - Heliopolis,Orthomedics,"Heliopolis,Cairo,Egypt",,Full Time,Part Time,On-site,0 - 3 Yrs of Exp,"Entry Level, Customer Service/Support, Medical/Healthcare, Sales/Retail, Customer Service, Medical Sales, Sales Target, Sales, Medical, Pharmaceutical, Veterinary Medicine",https://wuzzuf.net/jobs/p/z3emoqzm3uvd-medical-sales-representative-heliopolis-orthomedics-cairo-egypt
78,Medical Representative - Giza,interpharma,"Giza,Giza,Egypt",,Full Time,On-site,Entry Level,0 - 2 Yrs of Exp,"Pharmaceutical, Excellent communcation, strong selling, negotiation skills, problem solving, time mangement, ability to learn, Sales Target",https://wuzzuf.net/jobs/p/prx0uurpwrsy-medical-representative-giza-interpharma-giza-egypt
78,Medical Sales Representative,Cairoscan,"Hadayek Alkobba,Cairo,Egypt",,Full Time,On-site,Entry Level,0 - 1 Yrs of Exp,"Medical/Healthcare, Sales/Retail, Pharmaceutical, Medical, Medical Sales, Customer Service, Pharmacy, Sales, Sales Target",https://wuzzuf.net/jobs/p/fisxxqtg9svb-medical-sales-representative-cairoscan-cairo-egypt
79,Medical Sales Representative,Mailife  ماي لايف,"Cairo,Egypt",,Freelance / Project,Remote,Experienced,3 - 10 Yrs of Exp,"Medical/Healthcare, Medical Sales, Sales Target, Sales",https://wuzzuf.net/jobs/p/bxos4uha4h6o-medical-sales-representative-mailife-may-layf-cairo-egypt
88,"Medical Sales Representative (Regions: Giza ,Upper Egypt & Delta)",Nano Tech,"Dokki,Giza,Egypt",,Full Time,On-site,Experienced,2+ Yrs of Exp,"Medical/Healthcare, Sales/Retail, Pharmaceutical, Sales Skills, Sales Target, Pharmaceuticals, Medical, Pharmacy, English, Science",https://wuzzuf.net/jobs/p/pyuqpdyr7ee7-medical-sales-representative-regions-giza-upper-egypt-delta-nano-tech-giza-egypt
88,Hospital Medical Director,Confidential,"Zamalek,Cairo,Egypt",,Full Time,On-site,Senior Management,10 - 15 Yrs of Exp,"Medical/Healthcare, Team management, clinical leadership, Quality Assurance, Health Care, Hospitality, Medical, Leadership, Management",https://wuzzuf.net/jobs/p/ebdnczsikhr8-hospital-medical-director-cairo-egypt
89,Medical Sales Representative,STUDEX FOR TRADING,"Cairo,Egypt",,Full Time,On-site,Experienced,2 - 3 Yrs of Exp,"Medical/Healthcare, Sales/Retail, Sales Field, Sales Target, Outdoor Sales, Business Development, Marketing Planning, Marketing, Medical Sales, Medical",https://wuzzuf.net/jobs/p/7akzhdjxgplo-medical-sales-representative-studex-for-trading-cairo-egypt
91,Medical Insurance Sales (Hospital Segment),Dubai International,"New Cairo,Cairo,Egypt",,Full Time,Hybrid,Experienced,2 - 7 Yrs of Exp,"Medical/Healthcare, Sales/Retail, Pharmaceutical, Medical insurance processing, Claims management, Insurance policy interpretation, Patient communication, Hospital billing, Problem-solving, Attention to detail",https://wuzzuf.net/jobs/p/pjmxusbeyeak-medical-insurance-sales-hospital-segment-dubai-international-cairo-egypt
92,Senior Biomedical Engineer,Mersal,"Maadi,Cairo,Egypt",,Full Time,On-site,Experienced,5 - 7 Yrs of Exp,"Medical/Healthcare, Engineering - Other, Biomedical, Leadership, Engineering, Biomedical Engineering, Microsoft Office",https://wuzzuf.net/jobs/p/wuszbflxaqmw-senior-biomedical-engineer-mersal-cairo-egypt
96,Medical Representative,Confidential,"Giza,Giza,Egypt",,Full Time,Hybrid,Entry Level,0 - 2 Yrs of Exp,"Medical/Healthcare, Sales/Retail, Pharmaceutical, Sales, Business Development, Marketing, Medical Devices Sales, Medical Sales, Pharmaceutical Sales, Gastrointestinal Endoscopy",https://wuzzuf.net/jobs/p/it0uvuswzonx-medical-representative-giza-egypt
105,Medical representative - Medical Device- Cairo,STARK,"Maadi,Cairo,Egypt",,Full Time,Remote,Entry Level,0 - 5 Yrs of Exp,"Medical/Healthcare, Sales/Retail, medical rep, Medical Sales, Medical Equipment, Medical, Sales, Sales Target, sales skills",https://wuzzuf.net/jobs/p/rv88knkwm0bb-medical-representative-medical-device-cairo-stark-cairo-egypt
107,Field Service Engineer Medical device,Confidential,"New Cairo,Cairo,Egypt",,Full Time,On-site,Entry Level,2 - 7 Yrs of Exp,"Hospitality/Hotels/Food Services, Installation/Maintenance/Repair, Engineering - Mechanical/Electrical, Biomedical, Engineering, Medical",https://wuzzuf.net/jobs/p/yjouvbqaz0tn-field-service-engineer-medical-device-cairo-egypt
108,Medical Sales Representative medical devices,Confidential,"Mokattam,Cairo,Egypt",,Full Time,On-site,Entry Level,1 - 4 Yrs of Exp,"Marketing/PR/Advertising, Medical/Healthcare, Sales/Retail, Sales, Medical, sales skills",https://wuzzuf.net/jobs/p/x9dya9a3x9zx-medical-sales-representative-medical-devices-cairo-egypt
112,Medical Customer Support Specialist,Confidential,"6th of October,Giza,Egypt",,Full Time,On-site,Entry Level,0 - 2 Yrs of Exp,"Customer Service/Support, Medical/Healthcare, Customer Service, service care, Microsoft Office, Time Management, Communication, Organization Development, Windows, Problem Solving",https://wuzzuf.net/jobs/p/awnnk9amcerq-medical-customer-support-specialist-giza-egypt
118,Pharmacy Manager,Al Ahly Medical Company,"Nasr City,Cairo,Egypt",,Full Time,On-site,Manager,3 - 5 Yrs of Exp,"Operations/Management, Pharmaceutical, Communication, Management, Pharmaceutical, Pharmaceutical Expertise, Pharmacy Operations, Leadership, Pharmaceutical Sales, Inventory Management",https://wuzzuf.net/jobs/p/q3lcofntxxke-pharmacy-manager-al-ahly-medical-company-cairo-egypt
119,Medical Device Registration & Regulatory Affairs,Medix,"Giza,Egypt",,Full Time,Part Time,Freelance / Project,3 - 15 Yrs of Exp,"Hybrid, Experienced, Logistics/Supply Chain, Medical/Healthcare, Pharmaceutical, Medical, Regulatory Affairs, regulatory, Pharmacy, EDA, medical device, MOH",https://wuzzuf.net/jobs/p/dt2bdrixigxv-medical-device-registration-regulatory-affairs-medix-giza-egypt
119,Medical Sales Representative,Medix,"Dokki,Giza,Egypt",,Full Time,Part Time,Freelance / Project,2 - 5 Yrs of Exp,"Hybrid, Experienced, Medical/Healthcare, Sales/Retail, Pharmaceutical, Medical, Medical Sales, Medical Supplies, Medical Equipment, Medical Engineering, Medical Care, Medical Devices Sales",https://wuzzuf.net/jobs/p/vknkoxefptzm-medical-sales-representative-medix-giza-egypt
123,Medical & Senior Medical Representatives,PT CELL,"Cairo,Egypt",,Full Time,On-site,Experienced,2 - 5 Yrs of Exp,"Medical/Healthcare, Sales/Retail, Pharmaceutical, Medical, Pharmacy, Sales, Pharmaceutical",https://wuzzuf.net/jobs/p/igh8qdjfx5hr-medical-senior-medical-representatives-pt-cell-cairo-egypt
126,Pharmacist ( Inpatient & Outpatient ),Shorouk Specialised Hospital  (Swiss Management),"Shorouk City,Cairo,Egypt",,Full Time,On-site,Experienced,1 - 3 Yrs of Exp,"Medical/Healthcare, Pharmaceutical, Medical, Pharmaceutical, Pharmacy",https://wuzzuf.net/jobs/p/kuhskdeevwxm-pharmacist-inpatient-outpatient-shorouk-specialised-hospital-swiss-management-cairo-egypt
131,Medical Manager /Dentist,Shiny White Dental Center,"Cairo,Egypt",,Full Time,On-site,Manager,5 - 10 Yrs of Exp,"Operations/Management, Medical/Healthcare, Medical, Healthcare, Dentistry, Management, leadership, medical director, English, Communication",https://wuzzuf.net/jobs/p/uies9lpwdgfh-medical-manager-dentist-shiny-white-dental-center-cairo-egypt
136,Medical Equipment Sales Representative,BMEgypt,"Sharqia,Egypt",,Full Time,On-site,Experienced,3 - 7 Yrs of Exp,"Accounting/Finance, Medical/Healthcare, Medical, Medical Equipment, Sales, Sales Target, Communication, Product knowledge, Support Services, Sales Field",https://wuzzuf.net/jobs/p/chv9wtratbpl-medical-equipment-sales-representative-bm-egypt-sharqia-egypt
136,Medical Devices Sales Representative,BMEgypt,"Gharbia,Egypt",,Full Time,On-site,Entry Level,0 - 2 Yrs of Exp,"Medical/Healthcare, Medical, Medical Devices, Medical Devices Sales, Sales Target, Sales",https://wuzzuf.net/jobs/p/jczfihrahke0-medical-devices-sales-representative-bm-egypt-gharbia-egypt
137,Medical Representative,interpharma,"Cairo,Egypt",,Full Time,On-site,Entry Level,0 - 2 Yrs of Exp,"Sales/Retail, Pharmaceutical, Medical, pediatric nutrition, Pharmacy, Negotiation, Agriculture",https://wuzzuf.net/jobs/p/zofitgejd1x9-medical-representative-interpharma-cairo-egypt
146,Regulatory Affairs Specialist,Parkville Pharmaceuticals,"Giza,Giza,Egypt",,Full Time,On-site,Experienced,2 - 4 Yrs of Exp,"Medical/Healthcare, Pharmaceutical, Regulatory Affairs, Analytical",https://wuzzuf.net/jobs/p/khatlbdkbhuu-regulatory-affairs-specialist-parkville-pharmaceuticals-giza-egypt
153,Production Pharmacist,APEX Pharma,"Badr City,Cairo,Egypt",,Full Time,On-site,Entry Level,0 - 2 Yrs of Exp,"Operations/Management, Manufacturing/Production, Pharmaceutical, Pharmaceutical, Production, Pharmacy, Solid dosage form, semi solid dosage form, SOLID, Semi Solid",https://wuzzuf.net/jobs/p/bbki0vbpugt4-production-pharmacist-apex-pharma-cairo-egypt
160,Pharmacy Branch Manager (New Cairo),Yodawy,"New Cairo,Cairo,Egypt",,Full Time,On-site,Manager,3 - 8 Yrs of Exp,"Medical/Healthcare, Pharmaceutical, Branch Management, Pharmaceutical, Retail, Communication, Leadership, Customer Service, Management, Pharmacy",https://wuzzuf.net/jobs/p/sv4xcuptpnqh-pharmacy-branch-manager-new-cairo-yodawy-cairo-egypt
161,Medical Supply Specialist,Misr Sinai,"Manial,Cairo,Egypt",,Full Time,On-site,Entry Level,1 - 2 Yrs of Exp,"Medical/Healthcare, Pharmaceutical, Supply Management, Pharmacy, Medical Supplies, Medical, Logistics, Purchasing, Supply Chain",https://wuzzuf.net/jobs/p/4ogopyv8iovk-medical-supply-specialist-misr-sinai-cairo-egypt
162,Community Pharmacist (New Cairo),Yodawy,"New Cairo,Cairo,Egypt",,Full Time,On-site,Entry Level,0 - 4 Yrs of Exp,"Pharmaceutical, Pharmacy, Pharmaceutical, Pharma, Communication, Multitasking, Problem Solving, Negotiation",https://wuzzuf.net/jobs/p/oe0adise65p6-community-pharmacist-new-cairo-yodawy-cairo-egypt
167,Talent Acquisition Section Head (Medical Background),Alfa Laboratories,"6th of October,Giza,Egypt",,Full Time,On-site,Manager,5 - 10 Yrs of Exp,"Human Resources, Talent acquisition, Recruitment, Human Resources (HR), White Collar, Blue Collar, Mass Hiring",https://wuzzuf.net/jobs/p/bybcbo34l9o9-talent-acquisition-section-head-medical-background-alfa-laboratories-giza-egypt
169,Medical Sales Representative - Nasr City,Orthomedics,"Nasr City,Cairo,Egypt",,Full Time,Part Time,On-site,1 - 3 Yrs of Exp,"Entry Level, Medical/Healthcare, Sales/Retail, Pharmaceutical, Medical, Medical Sales, Sales Target, Sales, Outdoor Sales, Pharmaceutical, Medical Devices Sales",https://wuzzuf.net/jobs/p/7cchijfm0qtf-medical-sales-representative-nasr-city-orthomedics-cairo-egypt
169,Quality Assurance Specialist - Medical Digitization (Pharmacist),Digital Bridges,"Maadi,Cairo,Egypt",,Full Time,On-site,Experienced,1 - 3 Yrs of Exp,"Medical/Healthcare, Quality, Pharmaceutical, Microsoft Excel, Quality Auditing",https://wuzzuf.net/jobs/p/svqwktsov1cq-quality-assurance-specialist-medical-digitization-pharmacist-digital-bridges-cairo-egypt
169,Medical Sales Representative,Boston Group,"Cairo,Egypt",,Full Time,On-site,Entry Level,1 - 3 Yrs of Exp,"Sales/Retail, Pharmaceutical, Medical Sales, Sales, Sales Target, Customer Service, Communication, Negotiation, Pharmacy, Planning",https://wuzzuf.net/jobs/p/b5bzz4o5yp4t-medical-sales-representative-boston-group-cairo-egypt
172,Medical Receptionist,Aton medical center,"Agouza,Giza,Egypt",,Shift Based,On-site,Entry Level,1 - 3 Yrs of Exp,"Customer Service/Support, Medical/Healthcare, Customer Service, Medical, Administration, Communication, Computer Skills, Customer Care, Microsoft Office, Reception",https://wuzzuf.net/jobs/p/c5ctm2wdamga-medical-receptionist-aton-medical-center-giza-egypt
173,Medical Salesman,Advanced Medical and Scientific Research Center,"Cairo,Egypt",,Full Time,Remote,Experienced,1 - 7 Yrs of Exp,"Medical/Healthcare, Sales/Retail, Sales, Customer Service, Medical Sales, Pharmaceutical Sales, Relationship Building, Communication Skills, Negotiation, Market Analysis",https://wuzzuf.net/jobs/p/4hlq742xxk40-medical-salesman-advanced-medical-and-scientific-research-center-cairo-egypt
177,Regulatory Affairs Specialist,Ghalioungui,"Cairo,Egypt",,Full Time,On-site,Entry Level,1 - 3 Yrs of Exp,"Medical/Healthcare, Regulatory Affairs, Medical, Problem-solving, Regulatory compliance, EDA, Registration",https://wuzzuf.net/jobs/p/5qlx94sedcea-regulatory-affairs-specialist-ghalioungui-cairo-egypt
178,Medical Claim Audit Manager,Dar Al Fouad Hospital,"Cairo,Egypt",,Full Time,On-site,Manager,3 - 6 Yrs of Exp,"Medical/Healthcare, Management, Auditing, Analysis, Detail Oriented",https://wuzzuf.net/jobs/p/jxi7uyfk3mq3-medical-claim-audit-manager-dar-al-fouad-hospital-cairo-egypt
181,Key account manager (Chain Pharmacies),Joviality,"Maadi,Cairo,Egypt",,Full Time,On-site,Experienced,3 - 5 Yrs of Exp,"Medical/Healthcare, Sales/Retail, Pharmaceutical, Sales, Sales Target",https://wuzzuf.net/jobs/p/l8me4kxue9mv-key-account-manager-chain-pharmacies-joviality-cairo-egypt
185,Medical Representative,Macro Group,"Nasr City,Cairo,Egypt",,Full Time,On-site,Entry Level,1 - 4 Yrs of Exp,"Medical/Healthcare, Sales/Retail, Pharmaceutical, Pharmacy, Chemistry, Medical, Pharma, Sales, Science, Communication",https://wuzzuf.net/jobs/p/vny5no6qxt9l-medical-representative-macro-group-cairo-egypt
187,Medical Receptionist,Cairoscan,"Heliopolis,Cairo,Egypt",,Full Time,On-site,Experienced,2 - 3 Yrs of Exp,"Administration, Customer Service/Support, Medical/Healthcare, Medical, Administration, Customer Care, Customer Service, Communication",https://wuzzuf.net/jobs/p/828xofybares-medical-receptionist-cairoscan-cairo-egypt
189,Accountant / Cashier - Medical Clinic,Confidential,"New Cairo,Cairo,Egypt",,Full Time,On-site,Experienced,3 - 7 Yrs of Exp,"Accounting/Finance, Accounting, Finance, Financial Analysis, Microsoft Excel, Integrity, confidentiality, Computer Skills",https://wuzzuf.net/jobs/p/qre3tzwdo9uk-accountant-cashier-medical-clinic-cairo-egypt
193,"Sales Professional - ""Medical Background Only""",NawahScientific,"Mokattam,Cairo,Egypt",,Full Time,On-site,Entry Level,1 - 6 Yrs of Exp,"Business Development, Sales/Retail, Sales and negotiation, Client relationship management, Scientific knowledge, Time management, Sales, Sales Target, Indoor Sales, Account Management",https://wuzzuf.net/jobs/p/junfuxhnefmp-sales-professional-medical-background-only-nawah-scientific-cairo-egypt
196,Pharmacy Claims & Audit Supervisor,Diamond Medical Services,"Heliopolis,Cairo,Egypt",,Full Time,On-site,Experienced,3 - 7 Yrs of Exp,"Medical/Healthcare, Medical, Pharmacy",https://wuzzuf.net/jobs/p/ijxmrcjokzal-pharmacy-claims-audit-supervisor-diamond-medical-services-cairo-egypt
201,Regulatory Affairs Specialist,Specialized Seamless Services,"Heliopolis,Cairo,Egypt",,Full Time,On-site,Experienced,3 - 7 Yrs of Exp,"Medical/Healthcare, Regulatory Affairs, Documentation",https://wuzzuf.net/jobs/p/wkp4wgxa7gxb-regulatory-affairs-specialist-specialized-seamless-services-cairo-egypt
202,Medical Information Center Specialist,GROOVY Medical Spa,"Heliopolis,Cairo,Egypt",,Full Time,On-site,Entry Level,0 - 2 Yrs of Exp,"Customer Service/Support, Medical/Healthcare, Pharmaceutical, Communication, Negotiation, Medical Sales, Customer Support, Customer Satisfaction, Consultation, Client Support",https://wuzzuf.net/jobs/p/iyqtdmxp9vsg-medical-information-center-specialist-groovy-medical-spa-cairo-egypt
202,Medical Sales Representative - Cairo,Confidential,"Cairo,Egypt",,Full Time,On-site,Experienced,3 - 7 Yrs of Exp,"Medical/Healthcare, Sales/Retail, Pharmaceutical, Medical Representative, Pharmaceutical, Sales Field, Marketing, Pharma, Medical Devices, Medical Sales",https://wuzzuf.net/jobs/p/jchdhmmnlxk6-medical-sales-representative-cairo-cairo-egypt
206,Medical Representative,Saudi German Hospital,"Agami,Alexandria,Egypt",,Full Time,On-site,Entry Level,1+ Yrs of Exp,"Medical/Healthcare, Sales/Retail, Sales, Health Care",https://wuzzuf.net/jobs/p/gmxw15cygksf-medical-representative-saudi-german-hospital-alexandria-egypt
206,Medical Sales Representative - (New Cairo),Alfa Laboratories,"New Cairo,Cairo,Egypt",,Full Time,On-site,Entry Level,0 - 6 Yrs of Exp,"Medical/Healthcare, Sales/Retail, Knowledge of medical and laboratory services, Understanding of the healthcare market and referral process, Ability to effectively present and detail healthcare services to doctors and clinics, Territory management and route planning, Target tracking and sales performance monitoring, CRM system handling, Basic data analysis and sales reporting skills, Understanding of pricing structures and service agreements",https://wuzzuf.net/jobs/p/atgfibn8dj6s-medical-sales-representative-new-cairo-alfa-laboratories-cairo-egypt
206,Medical Sales Representative - (Mokattam),Alfa Laboratories,"Mokattam,Cairo,Egypt",,Full Time,On-site,Entry Level,0 - 6 Yrs of Exp,"Medical/Healthcare, Sales/Retail, Knowledge of medical and laboratory services, Understanding of the healthcare market and referral process, Ability to effectively present and detail healthcare services to doctors and clinics, Territory management and route planning, Target tracking and sales performance monitoring, Competitor analysis and market feedback reporting, Basic data analysis and sales reporting skills, Understanding of pricing structures and service agreements",https://wuzzuf.net/jobs/p/eygkdkmdncy7-medical-sales-representative-mokattam-alfa-laboratories-cairo-egypt
210,Biomedical Engineer,Cairoscan,"Mohandessin,Giza,Egypt",,Full Time,On-site,Experienced,3 - 5 Yrs of Exp,"Medical/Healthcare, Sales/Retail, Engineering, Biomedical Engineering, Medical Engineering, Medical Equipment, English",https://wuzzuf.net/jobs/p/7hwcorpyy88u-biomedical-engineer-cairoscan-giza-egypt
210,HSE Supervisor (Medical Background),Alfa Laboratories,"6th of October,Giza,Egypt",,Full Time,On-site,Manager,3 - 5 Yrs of Exp,"Medical/Healthcare, Analytical & Problem-Solving, Emergency Response & Safety Equipment Knowledge, Technical Tools & Software, Documentation & Reporting, Audit & Inspection Skills, Safety Procedures Implementation, Incident & Accident Investigation, Risk Assessment & Hazard Identification, HSE Compliance & Regulations",https://wuzzuf.net/jobs/p/ogbylwytatbw-hse-supervisor-medical-background-alfa-laboratories-giza-egypt
213,Medical Representative - Blood Bank,interpharma,"Cairo,Egypt",,Full Time,On-site,Experienced,5 - 7 Yrs of Exp,"Medical/Healthcare, Sales/Retail, Pharmaceutical, Field Work, Pharmacy, Relationship Building, Ability to Learn, Medical Representative, Sales, Sales Target",https://wuzzuf.net/jobs/p/fjho1eagxc2f-medical-representative-blood-bank-interpharma-cairo-egypt
216,Quality Assurance -Pharmacist,Akhnaton Trading and distribution  EVA Group Limted,"Cairo,Egypt",,Full Time,On-site,Entry Level,1 - 3 Yrs of Exp,"Quality, Pharmacy, pharmacist, QMS, GSDP, QA, Quality Assurance, Quality Control",https://wuzzuf.net/jobs/p/fyrzy9scs59n-quality-assurance-pharmacist-akhnaton-trading-and-distribution-eva-group-limted-cairo-egypt
219,Medical Claims Officer,Yodawy,"Mohandessin,Giza,Egypt",,Full Time,On-site,Experienced,2+ Yrs of Exp,"Medical/Healthcare, Pharmaceutical, Administration, Insurance, MEDICINE, Microsoft Office, Pharmacy, Claims, Pharma",https://wuzzuf.net/jobs/p/xetetlu2snsh-medical-claims-officer-yodawy-giza-egypt
220,HR Manager - Pharma Chain,Soficopharm,"Nasr City,Cairo,Egypt",,Full Time,On-site,Manager,5 - 8 Yrs of Exp,"Human Resources, Operations/Management, Lead Management, Team Leadership, HR Systems, MBA, HRM, PHR, SPHR, Business Administration",https://wuzzuf.net/jobs/p/6i3ahpr0dysb-hr-manager-pharma-chain-soficopharm-cairo-egypt
221,Corporate Sales Executive - Medical Sector,iVein Clinic,"Mahta Alraml,Alexandria,Egypt",,Full Time,Hybrid,Experienced,3 - 5 Yrs of Exp,"Medical/Healthcare, Sales/Retail, Corporate Sales, Medical Sales, Medical, Healthcare B2B Sales, Corporate Medical Contracts, Medical Insurance",https://wuzzuf.net/jobs/p/ulwxsxn4cjww-corporate-sales-executive-medical-sector-ivein-clinic-alexandria-egypt
221,Medical Corporate Sales Executive,iVein Clinic,"New Cairo,Cairo,Egypt",,Full Time,Hybrid,Experienced,3 - 5 Yrs of Exp,"Medical/Healthcare, Sales/Retail, Medical Sales, Corporate Sales, Medical, Medical Insurance, Corporate Medical Contracts, Hospital Sales",https://wuzzuf.net/jobs/p/klspqbjfj1lu-medical-corporate-sales-executive-ivein-clinic-cairo-egypt
225,Outpatient Pharmacist,Saudi German Hospital,"New Nozha,Cairo,Egypt",,Full Time,On-site,Entry Level,1 - 2 Yrs of Exp,"Medical/Healthcare, Pharmaceutical, Health Care, Medical, Pharmaceutical, Pharmacy, Pharmacy software proficiency, Patient counseling, Medication dispensing, Clinical documentation",https://wuzzuf.net/jobs/p/wdhayxvnlwia-outpatient-pharmacist-saudi-german-hospital-cairo-egypt
225,Biomedical Engineer,Saudi German Hospital,"New Nozha,Cairo,Egypt",,Full Time,On-site,Entry Level,1 - 3 Yrs of Exp,"Medical/Healthcare, Engineering - Other, Biomedical Engineering, Biomedical, Bioengineering, Health Care, hospitals",https://wuzzuf.net/jobs/p/fxzfrr5ddatu-biomedical-engineer-saudi-german-hospital-cairo-egypt
228,Biomedical Maintenance Engineer,View Medical,"Cairo,Egypt",,Full Time,Hybrid,Experienced,1 - 1 Yrs of Exp,"Engineering - Mechanical/Electrical, Maintenance Engineering, laboratory IVD",https://wuzzuf.net/jobs/p/1wdcn8prroyg-biomedical-maintenance-engineer-view-medical-cairo-egypt
230,Medical Sales Specialist,BMEgypt,"Beni Suef,Beni Suef,Egypt",,Full Time,On-site,Entry Level,1 - 3 Yrs of Exp,"Medical/Healthcare, Sales Field, ourdoor, Communication, Outdoor Sales, Communication Skills, Medical Sales, Healthcare Industry Knowledge, Relationship Building, Negotiation",https://wuzzuf.net/jobs/p/71uuuiayql4l-medical-sales-specialist-bm-egypt-beni-suef-egypt
231,Medical Representative - Pharmaceutical Sales,Hoechst pharmaceutical industries,"Assuit,Assiut,Egypt",,Full Time,On-site,Entry Level,1 - 3 Yrs of Exp,"Sales/Retail, Pharmaceutical, Medical Sales, Medical, Pharmaceutical Sales, Product Knowledge, Territory Management, Relationship Building, Communication Skills, Negotiation Skills",https://wuzzuf.net/jobs/p/rvvo923bo7mi-medical-representative-pharmaceutical-sales-hoechst-pharmaceutical-industries-assiut-egypt
234,Clinical Pharmacist – Case Manager,HealPath,"Maadi,Cairo,Egypt",,Full Time,On-site,Experienced,1 - 2 Yrs of Exp,"Medical/Healthcare, Patient communication & counseling skills, Problem-solving skills, Strong clinical judgment, Ethical and compliance awareness",https://wuzzuf.net/jobs/p/9apkqatnxubm-clinical-pharmacist-case-manager-healpath-cairo-egypt
235,Regulatory Affairs Specialist,APEX Pharma,"New Cairo,Cairo,Egypt",,Full Time,On-site,Entry Level,1 - 2 Yrs of Exp,"Operations/Management, Regulatory Affairs, regulatory, Pharmaceutical Science, Pharmaceutical, computer, Pharmacy, Science, ctd, E-ctd",https://wuzzuf.net/jobs/p/sz1ejlrw9frz-regulatory-affairs-specialist-apex-pharma-cairo-egypt
242,Biomedical Engineer (Service and Installation),BTL Industries Egypt,"Maadi,Cairo,Egypt",,Full Time,Hybrid,Entry Level,0 - 2 Yrs of Exp,"Installation/Maintenance/Repair, Engineering - Other, Biomedical Engineering, Biomedical, Interpersonal skills, Engineering, Electronic, Communication, Medical, Maintenance",https://wuzzuf.net/jobs/p/jupinlwt7xmc-biomedical-engineer-service-and-installation-btl-industries-egypt-cairo-egypt
255,Regulatory Affairs Specialist (Medical Device),ElAhlyia Health Care For Medical Supplies,"Sheraton,Cairo,Egypt",,Full Time,On-site,Experienced,3 - 5 Yrs of Exp,"Logistics/Supply Chain, Medical/Healthcare, Medical, regulatory, Regulatory Affairs, Science, medical, renewals, Social Sciences",https://wuzzuf.net/jobs/p/3xo8mnfhgi7y-regulatory-affairs-specialist-medical-device-el-ahlyia-health-care-for-medical-supplies-cairo-egypt
255,Regulatory Section Head,ElAhlyia Health Care For Medical Supplies,"Sheraton,Cairo,Egypt",,Full Time,On-site,Manager,7+ Yrs of Exp,"Medical/Healthcare, Medical, Medical Devices Sales, Regulatory Affairs, Regulations, Safety Regulations, Financial Regulatory Authority",https://wuzzuf.net/jobs/p/fgwsnef7qacd-regulatory-section-head-el-ahlyia-health-care-for-medical-supplies-cairo-egypt
259,Pharmacist - Customer & Technical Support,Confidential,"Nasr City,Cairo,Egypt",,Full Time,On-site,Experienced,2 - 7 Yrs of Exp,"Medical/Healthcare, Sales/Retail, Pharmaceutical, Customer Service, Customer Support, Customer Relations, Pharmacy, Pharma, Pharma Sales, Customer Care",https://wuzzuf.net/jobs/p/lijbvy9iphhf-pharmacist-customer-technical-support-cairo-egypt
259,Medical Sales Representative,Surgitech,"Giza,Egypt",,Full Time,On-site,Experienced,2 - 3 Yrs of Exp,"Medical/Healthcare, Sales/Retail, Veterinary Medicine, Wound Care Specialist, Field Sales Representative, Pressure Ulcer Management, Clinical Support, Medical Sales, Senior Product Specialist, Pressure Injury Prevention",https://wuzzuf.net/jobs/p/fefoytowocqh-medical-sales-representative-surgitech-giza-egypt
264,Medical Sales Representative,Medrail Group,"Haram,Giza,Egypt",,Full Time,On-site,Experienced,0 - 3 Yrs of Exp,"Sales/Retail, Sales, Medical, Medical Sales, Medical Devices Sales",https://wuzzuf.net/jobs/p/l46eu2sc5yqr-medical-sales-representative-medrail-group-giza-egypt
265,Inpatient Pharmacist,Misr International Hospital,"Dokki,Giza,Egypt",,Full Time,On-site,Entry Level,1 - 2 Yrs of Exp,"Medical/Healthcare, Pharmacy, Pharmaceutical",https://wuzzuf.net/jobs/p/f6fqlzsxhenz-inpatient-pharmacist-misr-international-hospital-giza-egypt
265,Healthcare Marketing Manager,Elghandour Medical Group,"10th of Ramadan City,Cairo,Egypt",,Full Time,On-site,Manager,10+ Yrs of Exp,"Marketing/PR/Advertising, Medical/Healthcare, Sales/Retail, Strategic Marketing, Digital Marketing, Marketing Planning, Team Coaching, Healthcare Marketing, Integrated Marketing Communication, Marketing Automation",https://wuzzuf.net/jobs/p/4yoou0yke3bk-healthcare-marketing-manager-elghandour-medical-group-cairo-egypt
268,Marketing Manager (Pharmaceutical Experience),Confidential,"Heliopolis,Cairo,Egypt",,Full Time,On-site,Manager,7 - 8 Yrs of Exp,"Marketing/PR/Advertising, Media/Journalism/Publishing, Market Research, Marketing, Cosmetics, Consumer Product, Brands, Digital",https://wuzzuf.net/jobs/p/t8bg6jtkdpg0-marketing-manager-pharmaceutical-experience-cairo-egypt
268,Mechanical Sales Engineer – Pharmaceutical Industry,Al Massat Life Sciences Egypt,"Cairo,Egypt",,Full Time,On-site,Experienced,5+ Yrs of Exp,"Sales/Retail, Engineering - Mechanical/Electrical, Sales, Mechanical Engineering, Communication, Engineering, Mechanical, Negotiation, Pharmaceutical",https://wuzzuf.net/jobs/p/a2hwvynkp0je-mechanical-sales-engineer-pharmaceutical-industry-al-massat-life-sciences-egypt-cairo-egypt
271,Sales Executive – Healthcare Software,Newvision,"Nasr City,Cairo,Egypt",,Full Time,On-site,Experienced,3 - 5 Yrs of Exp,"Business Development, IT/Software Development, Sales/Retail, Negotiation, Information Technology (IT), Business Development, Client Relationship Management, Time Management, Account Management, Sales Strategy",https://wuzzuf.net/jobs/p/6p2l0vysswqr-sales-executive-healthcare-software-newvision-cairo-egypt
274,Medical Sales Representative,Max Muscle,"Alexandria,Egypt",,Full Time,On-site,Experienced,1 - 3 Yrs of Exp,"Sales/Retail, Sports and Leisure, Pharmaceutical, Pharmaceutical Sales, Pharmaceutical Industries",https://wuzzuf.net/jobs/p/2p7w7txlouna-medical-sales-representative-max-muscle-alexandria-egypt
281,Inpatient Pharmacist - Night Shift,Alexandria New Medical Center,"Alexandria,Egypt",,Full Time,Shift Based,On-site,1 - 2 Yrs of Exp,"Entry Level, Medical/Healthcare, Pharmaceutical, strong critical thinking and problem solving, ability to work independently and as part of a team, continuous learning",https://wuzzuf.net/jobs/p/pv25iouf54i5-inpatient-pharmacist-night-shift-alexandria-new-medical-center-alexandria-egypt
293,Medical Sales Representative - 6th Of October,Orthomedics,"6th of October,Giza,Egypt",,Full Time,Part Time,On-site,0 - 3 Yrs of Exp,"Entry Level, Medical/Healthcare, Sales/Retail, Pharmaceutical, Outdoor Sales, sales skills, Sales Target, Pharmaceutical, Retail Sales, Sales Planning, Medical Sales",https://wuzzuf.net/jobs/p/qhrqawrdfdoq-medical-sales-representative-6th-of-october-orthomedics-giza-egypt
299,Clinical Pharmacists,Saudi German Hospital,"New Nozha,Cairo,Egypt",,Full Time,On-site,Experienced,2+ Yrs of Exp,"Medical/Healthcare, Pharmaceutical, Clinical Pharmacy, Clinical, Healthcare, Medical, Pharmaceutical, Pharma, Pharmacy",https://wuzzuf.net/jobs/p/cgixi6p2bmhk-clinical-pharmacists-saudi-german-hospital-cairo-egypt
309,Equipment Sales Engineer - Food/Pharma Equipment,Cairo Trading Center,"6th of October,Giza,Egypt",,Full Time,On-site,Experienced,2 - 7 Yrs of Exp,"Sales/Retail, Engineering - Mechanical/Electrical, Sales, Electrical Engineering, Mechatronics, Mechanical Engineering, Equipment, Sales Engineering, Sales Skills, Sales Target",https://wuzzuf.net/jobs/p/h2ktunpxqacq-equipment-sales-engineer-foodpharma-equipment-cairo-trading-center-giza-egypt
311,Licensed Pharmacist – Sheikh Zayed,SAMEH ELASHRI PHARMACY,"Sheikh Zayed,Giza,Egypt",,Full Time,On-site,Entry Level,1 - 3 Yrs of Exp,"Medical/Healthcare, Pharmaceutical, Medical, Pharmaceutical, Pharmacy, Administration, Communication, Communication skills, Chemical, OTC Drugs",https://wuzzuf.net/jobs/p/dwhhg9vcxoef-licensed-pharmacist-sheikh-zayed-sameh-elashri-pharmacy-giza-egypt
318,Medical Devices Sales Specialist,STARK,"Maadi,Cairo,Egypt",,Full Time,Remote,Entry Level,0 - 5 Yrs of Exp,"Medical/Healthcare, Sales/Retail, medical rep, Medical Sales, Medical Equipment, Medical, Sales, Sales Target, sales skills",https://wuzzuf.net/jobs/p/1wyphrlgny5s-medical-devices-sales-specialist-stark-cairo-egypt
326,Biomedical Maintenance Engineer,ElAhlyia Health Care For Medical Supplies,"Sheraton,Cairo,Egypt",,Full Time,On-site,Experienced,3 - 5 Yrs of Exp,"Installation/Maintenance/Repair, Medical/Healthcare, Engineering - Other, Biomedical Engineering, Biomedical Equipment, Biomedical, Healthcare, Equipment Maintenance",https://wuzzuf.net/jobs/p/dgjzj43pntkc-biomedical-maintenance-engineer-el-ahlyia-health-care-for-medical-supplies-cairo-egypt
327,Community Pharmacist (Heliopolis / Nasr City),Yodawy,"Nasr City,Cairo,Egypt",,Full Time,On-site,Entry Level,1 - 6 Yrs of Exp,"Medical/Healthcare, Pharmaceutical, Communication skills, Medical, MS Office, Pharmaceutical, Pharmacy, Sales, Administration",https://wuzzuf.net/jobs/p/zf3onmhnnzne-community-pharmacist-heliopolis-nasr-city-yodawy-cairo-egypt
327,Community Pharmacist ( Haram / Omraneya / October),Yodawy,"Giza,Giza,Egypt",,Full Time,On-site,Entry Level,1 - 3 Yrs of Exp,"Medical/Healthcare, Pharmaceutical, Pharmacy, Pharmaceutical, Pharma, Communication, Multitasking, Problem Solving, Negotiation",https://wuzzuf.net/jobs/p/phypuhe9vuob-community-pharmacist-haram-omraneya-october-yodawy-giza-egypt
331,Procurement Specialist–Non Medical,Mersal,"Maadi,Cairo,Egypt",,Full Time,On-site,Experienced,3 - 5 Yrs of Exp,"Logistics/Supply Chain, Purchasing/Procurement, Purchasing, Procurement, Purchasing Management, Procurement Management, Procurements, Stock Management, Business Administration, Supply Chain Management",https://wuzzuf.net/jobs/p/fxlw10z2wlkl-procurement-specialist-non-medical-mersal-cairo-egypt
335,Medical CFO,Confidential,"Hurghada,Red Sea,Egypt",,Full Time,On-site,Senior Management,8 - 20 Yrs of Exp,"Accounting/Finance, Operations/Management, Medical/Healthcare, Auditing, Project Management, Strategic Planning, Project management, Strategic planning, Financial reporting, Budgeting",https://wuzzuf.net/jobs/p/qw5mhhiu5f7t-medical-cfo-red-sea-egypt
337,Quality Assurance Officer (Laboratory Medical Devices),ADI Egypt,"Cairo,Egypt",,Full Time,On-site,Experienced,3+ Yrs of Exp,"R&D/Science, Medical/Healthcare, Quality, ERP System, Quality Assurance, Auditing, Problem Solving, Analytical Thinking, Attention to Detail, Communication",https://wuzzuf.net/jobs/p/phvww73vz1cw-quality-assurance-officer-laboratory-medical-devices-adi-egypt-cairo-egypt
342,Medical Sales Representative,NEXUS BUSINESS CORE,"Nasr City,Cairo,Egypt",,Full Time,Part Time,Shift Based,3 - 7 Yrs of Exp,"On-site, Experienced, Medical/Healthcare, Sales/Retail, Outdoor Sales, Medical Sales, Sales, Sales Field, Sales Target, Sales Plan, Sales Planning, Sales Plans",https://wuzzuf.net/jobs/p/oy0zjoiojznx-medical-sales-representative-nexus-business-core-cairo-egypt
352,Pharmacist (Packer),Yodawy,"Abu Rawash,Giza,Egypt",,Full Time,On-site,Experienced,2+ Yrs of Exp,"Medical/Healthcare, Pharmaceutical, Pharmaceutical, Medical Insurance, Pharmacy, Warehouse",https://wuzzuf.net/jobs/p/iugrfod8rzte-pharmacist-packer-yodawy-giza-egypt
353,Medical Representative. New Cairo - El Sheikh Zayed,Macro Group,"Nasr City,Cairo,Egypt",,Full Time,On-site,Entry Level,1 - 4 Yrs of Exp,"Medical/Healthcare, Sales/Retail, Pharmaceutical, Pharmacy, Chemistry, Medical, Pharma, Sales, Science, Communication",https://wuzzuf.net/jobs/p/lwtzahdq6egu-medical-representative-new-cairo-el-sheikh-zayed-macro-group-cairo-egypt
353,Chief Pharmacist.,Confidential,"Nasr City,Cairo,Egypt",,Full Time,On-site,Senior Management,3 - 5 Yrs of Exp,"Medical/Healthcare, Communication, solve problem, Clinical Pharmacy, Pharmacy, Pharmaceutical, Pharma, Pharmaceutical Industry",https://wuzzuf.net/jobs/p/brznm9ejihgk-chief-pharmacist-cairo-egypt
356,Doctor / pharmacist/ Dentist / Dermatologist : female only,La Parisienne,"New Cairo,Cairo,Egypt",,Full Time,On-site,Entry Level,1 - 2 Yrs of Exp,"Medical/Healthcare, Pharmaceutical, Healthcare, Medical, Doctor, Medicine, Tidiness, Physical Stamina, Communication Skills, Pharmacy",https://wuzzuf.net/jobs/p/odtrbbdymvew-doctor-pharmacist-dentist-dermatologist-female-only-la-parisienne-cairo-egypt
359,Pharmacist,Al Rabat,"New Cairo,Cairo,Egypt",,Full Time,On-site,Experienced,1 - 10 Yrs of Exp,"Medical/Healthcare, Pharmaceutical, Pharmaceutical dispensing, Medication therapy management, Inventory management, Problem-solving",https://wuzzuf.net/jobs/p/p5xragiwepcr-pharmacist-al-rabat-cairo-egypt
364,Shift Manager ( Pharmacist)-October Area,CARE PHARMACIES,"6th of October,Giza,Egypt",,Full Time,On-site,Experienced,3 - 6 Yrs of Exp,"Medical/Healthcare, Sales/Retail, Pharmaceutical, Medical, Pharmaceutical, Communication skills, Communication, Pharmacy, Retail Sales, Health Care",https://wuzzuf.net/jobs/p/7uchbmnpihoo-shift-manager-pharmacist-october-area-care-pharmacies-giza-egypt
365,Medical Approval Manager,Diamond Medical Services,"Heliopolis,Cairo,Egypt",,Full Time,On-site,Manager,5+ Yrs of Exp,"Medical/Healthcare, Pharmaceutical, Medical Claims Management, Health Insurance Knowledge, Team Leadership, Problem Solving, Decision Making",https://wuzzuf.net/jobs/p/dgxdczsyexk5-medical-approval-manager-diamond-medical-services-cairo-egypt
371,Medical Approval Officer,AsSalam International Hospital,"New Cairo,Cairo,Egypt",,Full Time,On-site,Entry Level,1 - 5 Yrs of Exp,"Medical/Healthcare, Medical claims evaluation, Insurance authorization, Healthcare administration, Communication, Problem-solving, Customer service, Medical Insurance, approval",https://wuzzuf.net/jobs/p/gpo3obc09uan-medical-approval-officer-as-salam-international-hospital-cairo-egypt
